role_cd,menu_cd,actions
SYSTEM_ADMIN,BOARD,READ CREATE UPDATE DELETE
SYSTEM_ADMIN,CODE,READ CREATE UPDATE DELETE
SYSTEM_ADMIN,MENU,READ CREATE UPDATE DELETE
SYSTEM_ADMIN,ADMIN,READ CREATE UPDATE DELETE
SYSTEM_ADMIN,ROLE,READ CREATE UPDATE DELETE
SYSTEM_ADMIN,PERMISSION,READ UPDATE
SYSTEM_ADMIN,MASKING,READ UPDATE
SYSTEM_ADMIN,AUDIT_LOG,READ EXCEL
MEMBER_OPERATOR,COMPANY,READ CREATE UPDATE EXCEL
MEMBER_OPERATOR,USER,READ CREATE UPDATE EXCEL PRIVACY
MEMBER_OPERATOR,CODE,READ
CONTENT_OPERATOR,BOARD,READ
CONTENT_OPERATOR,POST,READ CREATE UPDATE DELETE
CONTENT_OPERATOR,CODE,READ
VIEWER,COMPANY,READ
VIEWER,USER,READ
VIEWER,BOARD,READ
VIEWER,POST,READ
VIEWER,AUDIT_LOG,READ
